{
    "avg_ep_stat": {
        "eval/score_route": 0.0708708953353075,
        "eval/score_penalty": 0.7509914788087251,
        "eval/score_composed": 0.056109184360733394,
        "eval/length": 205.76923076923077,
        "eval/reward": 49.94901658482939,
        "eval/timeout": 0.0,
        "eval/is_route_completed": 0.0,
        "eval/is_route_completed_nocrash": 0.0,
        "eval/route_completed_in_km": 0.0708708953353075,
        "eval/route_length_in_km": 1.1782110494862361,
        "eval/percentage_outside_lane": 0.0037817795859672143,
        "eval/percentage_wrong_lane": 0.06165150204574148,
        "eval/collisions_layout": 1.303705390231165,
        "eval/collisions_vehicle": 0.0,
        "eval/collisions_pedestrian": 0.0,
        "eval/collisions_others": 0.0,
        "eval/red_light": 13.43688550373528,
        "eval/light_passed": 0.15384615384615385,
        "eval/encounter_light": 0.6923076923076923,
        "eval/stop_infraction": 0.0,
        "eval/stop_passed": 0.0,
        "eval/encounter_stop": 0.0,
        "eval/route_dev": 0.0,
        "eval/vehicle_blocked": 0.0,
        "eval/completed_n_episodes": 13.0,
        "eval/eval_timeout": 0,
        "time/t_eval": 193.25021815299988,
        "time/fps_eval": 15.523915205233264
    },
    "avg_route_completion": {
        "eval/step": 214.28571428571428,
        "eval/simulation_time": 21.428571747882025,
        "eval/route_completed_in_m": 75.75779965519905,
        "eval/route_length_in_m": 1173.160934565853,
        "eval/is_route_completed": 0.0,
        "eval/avg_n_episodes": 14.0
    }
}