{
    "avg_ep_stat": {
        "eval/score_route": 0.00882122749028107,
        "eval/score_penalty": 0.8281654027877776,
        "eval/score_composed": 0.007356374324175221,
        "eval/length": 34.052083333333336,
        "eval/reward": -13.69234854282729,
        "eval/timeout": 0.0,
        "eval/is_route_completed": 0.0,
        "eval/is_route_completed_nocrash": 0.0,
        "eval/route_completed_in_km": 0.00882122749028107,
        "eval/route_length_in_km": 1.1965309818862309,
        "eval/percentage_outside_lane": 0.047030843079775585,
        "eval/percentage_wrong_lane": 0.012238649965779965,
        "eval/collisions_layout": 53.117822576442016,
        "eval/collisions_vehicle": 0.0,
        "eval/collisions_pedestrian": 0.0,
        "eval/collisions_others": 1.2313257473194568,
        "eval/red_light": 0.0,
        "eval/light_passed": 0.0,
        "eval/encounter_light": 0.0,
        "eval/stop_infraction": 0.0,
        "eval/stop_passed": 0.0,
        "eval/encounter_stop": 0.0,
        "eval/route_dev": 0.0,
        "eval/vehicle_blocked": 0.0,
        "eval/completed_n_episodes": 96.0,
        "eval/eval_timeout": 0,
        "time/t_eval": 287.0546760559082,
        "time/fps_eval": 10.450970669489129
    },
    "avg_route_completion": {
        "eval/step": 30.927835051546392,
        "eval/simulation_time": 3.092783551240705,
        "eval/route_completed_in_m": 8.792142678167401,
        "eval/route_length_in_m": 1195.651839658839,
        "eval/is_route_completed": 0.0,
        "eval/avg_n_episodes": 97.0
    }
}