{
    "avg_ep_stat": {
        "eval/score_route": 0.057249717296051654,
        "eval/score_penalty": 0.7930171688674598,
        "eval/score_composed": 0.04158769073738459,
        "eval/length": 151.94736842105263,
        "eval/reward": 41.660122874720294,
        "eval/timeout": 0.0,
        "eval/is_route_completed": 0.0,
        "eval/is_route_completed_nocrash": 0.0,
        "eval/route_completed_in_km": 0.057249717296051654,
        "eval/route_length_in_km": 1.2021245120391888,
        "eval/percentage_outside_lane": 0.006914592972100079,
        "eval/percentage_wrong_lane": 0.02864718552886114,
        "eval/collisions_layout": 8.3413353930049,
        "eval/collisions_vehicle": 0.0,
        "eval/collisions_pedestrian": 0.0,
        "eval/collisions_others": 0.0,
        "eval/red_light": 6.0355356066626324,
        "eval/light_passed": 0.3684210526315789,
        "eval/encounter_light": 0.7368421052631579,
        "eval/stop_infraction": 0.0,
        "eval/stop_passed": 0.0,
        "eval/encounter_stop": 0.0,
        "eval/route_dev": 0.0,
        "eval/vehicle_blocked": 0.0,
        "eval/completed_n_episodes": 19.0,
        "eval/eval_timeout": 0,
        "time/t_eval": 192.48687386512756,
        "time/fps_eval": 15.58547832254812
    },
    "avg_route_completion": {
        "eval/step": 150.0,
        "eval/simulation_time": 15.000000223517418,
        "eval/route_completed_in_m": 57.6374022492203,
        "eval/route_length_in_m": 1196.3835974637564,
        "eval/is_route_completed": 0.0,
        "eval/avg_n_episodes": 20.0
    }
}