{
    "avg_ep_stat": {
        "eval/score_route": 0.061971638288762815,
        "eval/score_penalty": 0.7642497917639529,
        "eval/score_composed": 0.05100467169678873,
        "eval/length": 167.44444444444446,
        "eval/reward": 36.16087826786053,
        "eval/timeout": 0.0,
        "eval/is_route_completed": 0.0,
        "eval/is_route_completed_nocrash": 0.0,
        "eval/route_completed_in_km": 0.061971638288762815,
        "eval/route_length_in_km": 1.2382378133597907,
        "eval/percentage_outside_lane": 0.014648823549501613,
        "eval/percentage_wrong_lane": 0.0060767426411103,
        "eval/collisions_layout": 6.389581638350066,
        "eval/collisions_vehicle": 0.0,
        "eval/collisions_pedestrian": 0.0,
        "eval/collisions_others": 0.0,
        "eval/red_light": 13.196188425949957,
        "eval/light_passed": 0.05555555555555555,
        "eval/encounter_light": 0.6111111111111112,
        "eval/stop_infraction": 0.0,
        "eval/stop_passed": 0.0,
        "eval/encounter_stop": 0.0,
        "eval/route_dev": 0.0,
        "eval/vehicle_blocked": 0.0,
        "eval/completed_n_episodes": 18.0,
        "eval/eval_timeout": 0,
        "time/t_eval": 163.5211901664734,
        "time/fps_eval": 18.346246116150684
    },
    "avg_route_completion": {
        "eval/step": 157.89473684210526,
        "eval/simulation_time": 15.78947391949202,
        "eval/route_completed_in_m": 59.44681450881456,
        "eval/route_length_in_m": 1259.7552067149638,
        "eval/is_route_completed": 0.0,
        "eval/avg_n_episodes": 19.0
    }
}