{
    "avg_ep_stat": {
        "eval/score_route": 0.05645566309690475,
        "eval/score_penalty": 0.7273646630835428,
        "eval/score_composed": 0.04086280373004078,
        "eval/length": 150.3,
        "eval/reward": 51.157296029665666,
        "eval/timeout": 0.0,
        "eval/is_route_completed": 0.0,
        "eval/is_route_completed_nocrash": 0.0,
        "eval/route_completed_in_km": 0.05645566309690475,
        "eval/route_length_in_km": 1.1569158643023754,
        "eval/percentage_outside_lane": 0.006104818728344408,
        "eval/percentage_wrong_lane": 0.015228762853438188,
        "eval/collisions_layout": 20.241123084813417,
        "eval/collisions_vehicle": 0.0,
        "eval/collisions_pedestrian": 0.0,
        "eval/collisions_others": 0.0,
        "eval/red_light": 6.918969990187653,
        "eval/light_passed": 0.55,
        "eval/encounter_light": 0.9,
        "eval/stop_infraction": 0.0,
        "eval/stop_passed": 0.0,
        "eval/encounter_stop": 0.0,
        "eval/route_dev": 0.0,
        "eval/vehicle_blocked": 0.0,
        "eval/completed_n_episodes": 20.0,
        "eval/eval_timeout": 0,
        "time/t_eval": 197.04876804351807,
        "time/fps_eval": 15.224657478383484
    },
    "avg_route_completion": {
        "eval/step": 142.85714285714286,
        "eval/simulation_time": 14.285714498588018,
        "eval/route_completed_in_m": 54.672223636082244,
        "eval/route_length_in_m": 1155.8662597751415,
        "eval/is_route_completed": 0.0,
        "eval/avg_n_episodes": 21.0
    }
}