{
    "avg_ep_stat": {
        "eval/completed_n_episodes": 0.0,
        "eval/eval_timeout": 1,
        "time/t_eval": 614.8600616455078,
        "time/fps_eval": 19.516635977111967
    },
    "avg_route_completion": {
        "eval/step": 12000.0,
        "eval/simulation_time": 1200.0000178813934,
        "eval/route_completed_in_m": 4831.078938019378,
        "eval/route_length_in_m": 5109.9738888860775,
        "eval/is_route_completed": 0.0,
        "eval/avg_n_episodes": 1.0
    }
}