{
    "avg_ep_stat": {
        "eval/score_route": 0.040844612558682755,
        "eval/score_penalty": 0.7605392858366827,
        "eval/score_composed": 0.028860589211980498,
        "eval/length": 239.83333333333334,
        "eval/reward": -46.522032468776125,
        "eval/timeout": 0.0,
        "eval/is_route_completed": 0.0,
        "eval/is_route_completed_nocrash": 0.0,
        "eval/route_completed_in_km": 0.040844612558682755,
        "eval/route_length_in_km": 1.2103386201878652,
        "eval/percentage_outside_lane": 0.013627380829984036,
        "eval/percentage_wrong_lane": 0.0,
        "eval/collisions_layout": 13.17168132390772,
        "eval/collisions_vehicle": 0.0,
        "eval/collisions_pedestrian": 0.0,
        "eval/collisions_others": 0.0,
        "eval/red_light": 14.634821726983148,
        "eval/light_passed": 0.16666666666666666,
        "eval/encounter_light": 0.75,
        "eval/stop_infraction": 0.0,
        "eval/stop_passed": 0.0,
        "eval/encounter_stop": 0.0,
        "eval/route_dev": 0.0,
        "eval/vehicle_blocked": 0.0,
        "eval/completed_n_episodes": 12.0,
        "eval/eval_timeout": 0,
        "time/t_eval": 161.22605109214783,
        "time/fps_eval": 18.607414742704126
    },
    "avg_route_completion": {
        "eval/step": 230.76923076923077,
        "eval/simulation_time": 23.076923420796028,
        "eval/route_completed_in_m": 39.63333117044889,
        "eval/route_length_in_m": 1199.6434300195435,
        "eval/is_route_completed": 0.0,
        "eval/avg_n_episodes": 13.0
    }
}