{
    "avg_ep_stat": {
        "eval/score_route": 0.08445184604610716,
        "eval/score_penalty": 0.7562569314076829,
        "eval/score_composed": 0.06388462122593606,
        "eval/length": 388.57142857142856,
        "eval/reward": 73.34494161372015,
        "eval/timeout": 0.0,
        "eval/is_route_completed": 0.0,
        "eval/is_route_completed_nocrash": 0.0,
        "eval/route_completed_in_km": 0.08445184604610716,
        "eval/route_length_in_km": 1.4325867199300624,
        "eval/percentage_outside_lane": 0.0008859257351742327,
        "eval/percentage_wrong_lane": 0.0,
        "eval/collisions_layout": 14.717989344191446,
        "eval/collisions_vehicle": 0.0,
        "eval/collisions_pedestrian": 0.0,
        "eval/collisions_others": 0.0,
        "eval/red_light": 1.2122490585090488,
        "eval/light_passed": 0.8571428571428571,
        "eval/encounter_light": 1.0,
        "eval/stop_infraction": 0.0,
        "eval/stop_passed": 0.0,
        "eval/encounter_stop": 0.0,
        "eval/route_dev": 0.0,
        "eval/vehicle_blocked": 0.0,
        "eval/completed_n_episodes": 7.0,
        "eval/eval_timeout": 0,
        "time/t_eval": 211.66207814216614,
        "time/fps_eval": 14.173535601332437
    },
    "avg_route_completion": {
        "eval/step": 375.0,
        "eval/simulation_time": 37.500000558793545,
        "eval/route_completed_in_m": 81.77036529034376,
        "eval/route_length_in_m": 1445.9492158125686,
        "eval/is_route_completed": 0.0,
        "eval/avg_n_episodes": 8.0
    }
}