{
    "avg_ep_stat": {
        "eval/score_route": 0.07404980862140655,
        "eval/score_penalty": 0.7582038895277267,
        "eval/score_composed": 0.05889921559393406,
        "eval/length": 196.57142857142858,
        "eval/reward": 36.809930945973186,
        "eval/timeout": 0.0,
        "eval/is_route_completed": 0.0,
        "eval/is_route_completed_nocrash": 0.0,
        "eval/route_completed_in_km": 0.07404980862140655,
        "eval/route_length_in_km": 1.3742418973993105,
        "eval/percentage_outside_lane": 0.008861443004163689,
        "eval/percentage_wrong_lane": 0.016360466645048553,
        "eval/collisions_layout": 5.187058075905356,
        "eval/collisions_vehicle": 0.0,
        "eval/collisions_pedestrian": 0.0,
        "eval/collisions_others": 0.0,
        "eval/red_light": 9.624670848585783,
        "eval/light_passed": 0.07142857142857142,
        "eval/encounter_light": 0.6428571428571429,
        "eval/stop_infraction": 0.0,
        "eval/stop_passed": 0.0,
        "eval/encounter_stop": 0.0,
        "eval/route_dev": 0.0,
        "eval/vehicle_blocked": 0.0,
        "eval/completed_n_episodes": 14.0,
        "eval/eval_timeout": 0,
        "time/t_eval": 175.56402564048767,
        "time/fps_eval": 17.087783155207827
    },
    "avg_route_completion": {
        "eval/step": 200.0,
        "eval/simulation_time": 20.000000298023224,
        "eval/route_completed_in_m": 76.51315471331279,
        "eval/route_length_in_m": 1356.7422756944218,
        "eval/is_route_completed": 0.0,
        "eval/avg_n_episodes": 15.0
    }
}