{
    "avg_ep_stat": {
        "eval/score_route": 0.006215350249013701,
        "eval/score_penalty": 0.8222737390434726,
        "eval/score_composed": 0.005256676008192812,
        "eval/length": 23.895104895104897,
        "eval/reward": -4.886052568276835,
        "eval/timeout": 0.0,
        "eval/is_route_completed": 0.0,
        "eval/is_route_completed_nocrash": 0.0,
        "eval/route_completed_in_km": 0.006215350249013701,
        "eval/route_length_in_km": 1.3137957744334177,
        "eval/percentage_outside_lane": 0.028425561655829077,
        "eval/percentage_wrong_lane": 0.0,
        "eval/collisions_layout": 88.97769408866667,
        "eval/collisions_vehicle": 0.0,
        "eval/collisions_pedestrian": 0.0,
        "eval/collisions_others": 0.999000999000999,
        "eval/red_light": 0.0,
        "eval/light_passed": 0.0,
        "eval/encounter_light": 0.0,
        "eval/stop_infraction": 0.0,
        "eval/stop_passed": 0.0,
        "eval/encounter_stop": 0.0,
        "eval/route_dev": 0.0,
        "eval/vehicle_blocked": 0.0,
        "eval/completed_n_episodes": 143.0,
        "eval/eval_timeout": 0,
        "time/t_eval": 227.31645607948303,
        "time/fps_eval": 13.197460719478338
    },
    "avg_route_completion": {
        "eval/step": 20.833333333333332,
        "eval/simulation_time": 2.083333364377419,
        "eval/route_completed_in_m": 6.193021389759249,
        "eval/route_length_in_m": 1315.4917017223986,
        "eval/is_route_completed": 0.0,
        "eval/avg_n_episodes": 144.0
    }
}