{
    "avg_ep_stat": {
        "eval/score_route": 0.10722107918773378,
        "eval/score_penalty": 0.7139512640839681,
        "eval/score_composed": 0.07271585461667605,
        "eval/length": 405.14285714285717,
        "eval/reward": 111.28302423062577,
        "eval/timeout": 0.0,
        "eval/is_route_completed": 0.0,
        "eval/is_route_completed_nocrash": 0.0,
        "eval/route_completed_in_km": 0.10722107918773378,
        "eval/route_length_in_km": 1.4040672113895416,
        "eval/percentage_outside_lane": 0.0,
        "eval/percentage_wrong_lane": 0.010681867635147307,
        "eval/collisions_layout": 4.432738311192466,
        "eval/collisions_vehicle": 0.0,
        "eval/collisions_pedestrian": 0.0,
        "eval/collisions_others": 0.0,
        "eval/red_light": 5.845177035838254,
        "eval/light_passed": 0.2857142857142857,
        "eval/encounter_light": 0.7142857142857143,
        "eval/stop_infraction": 0.0,
        "eval/stop_passed": 0.0,
        "eval/encounter_stop": 0.0,
        "eval/route_dev": 0.0,
        "eval/vehicle_blocked": 0.0,
        "eval/completed_n_episodes": 7.0,
        "eval/eval_timeout": 0,
        "time/t_eval": 222.41593265533447,
        "time/fps_eval": 13.488242340304515
    },
    "avg_route_completion": {
        "eval/step": 375.0,
        "eval/simulation_time": 37.500000558793545,
        "eval/route_completed_in_m": 100.31844428926706,
        "eval/route_length_in_m": 1386.1233240645938,
        "eval/is_route_completed": 0.0,
        "eval/avg_n_episodes": 8.0
    }
}