{
    "avg_ep_stat": {
        "eval/score_route": 0.11404187359809874,
        "eval/score_penalty": 0.7232818818710756,
        "eval/score_composed": 0.07905479816502332,
        "eval/length": 297.3,
        "eval/reward": 61.538130193020166,
        "eval/timeout": 0.0,
        "eval/is_route_completed": 0.0,
        "eval/is_route_completed_nocrash": 0.0,
        "eval/route_completed_in_km": 0.11404187359809874,
        "eval/route_length_in_km": 1.5255041206417164,
        "eval/percentage_outside_lane": 0.0024096283637605274,
        "eval/percentage_wrong_lane": 0.006752019928906003,
        "eval/collisions_layout": 4.89131204265985,
        "eval/collisions_vehicle": 0.0,
        "eval/collisions_pedestrian": 0.0,
        "eval/collisions_others": 0.0,
        "eval/red_light": 8.202280590082733,
        "eval/light_passed": 0.1,
        "eval/encounter_light": 0.8,
        "eval/stop_infraction": 0.0,
        "eval/stop_passed": 0.0,
        "eval/encounter_stop": 0.0,
        "eval/route_dev": 0.0,
        "eval/vehicle_blocked": 0.0,
        "eval/completed_n_episodes": 10.0,
        "eval/eval_timeout": 0,
        "time/t_eval": 201.93440794944763,
        "time/fps_eval": 14.856309187045635
    },
    "avg_route_completion": {
        "eval/step": 272.72727272727275,
        "eval/simulation_time": 27.27272767912258,
        "eval/route_completed_in_m": 105.58351867849177,
        "eval/route_length_in_m": 1502.0012864414202,
        "eval/is_route_completed": 0.0,
        "eval/avg_n_episodes": 11.0
    }
}