{
    "avg_ep_stat": {
        "eval/score_route": 0.12852660082446205,
        "eval/score_penalty": 0.6944444444444445,
        "eval/score_composed": 0.0884109164380365,
        "eval/length": 336.1111111111111,
        "eval/reward": 178.3759458159986,
        "eval/timeout": 0.0,
        "eval/is_route_completed": 0.0,
        "eval/is_route_completed_nocrash": 0.0,
        "eval/route_completed_in_km": 0.12852660082446205,
        "eval/route_length_in_km": 1.3752095905540667,
        "eval/percentage_outside_lane": 0.0,
        "eval/percentage_wrong_lane": 0.0,
        "eval/collisions_layout": 0.3962780448019554,
        "eval/collisions_vehicle": 0.0,
        "eval/collisions_pedestrian": 0.0,
        "eval/collisions_others": 0.0,
        "eval/red_light": 14.903594207135004,
        "eval/light_passed": 0.1111111111111111,
        "eval/encounter_light": 1.0,
        "eval/stop_infraction": 0.0,
        "eval/stop_passed": 0.0,
        "eval/encounter_stop": 0.0,
        "eval/route_dev": 0.0,
        "eval/vehicle_blocked": 0.0,
        "eval/completed_n_episodes": 9.0,
        "eval/eval_timeout": 0,
        "time/t_eval": 211.45990467071533,
        "time/fps_eval": 14.187086694622275
    },
    "avg_route_completion": {
        "eval/step": 300.0,
        "eval/simulation_time": 30.000000447034836,
        "eval/route_completed_in_m": 115.77394074201584,
        "eval/route_length_in_m": 1346.7605696497812,
        "eval/is_route_completed": 0.0,
        "eval/avg_n_episodes": 10.0
    }
}